,Unnamed: 0,ticker,risk,return,coeffs
0,0,AAME,0.515398970978148,0.261306521826382,0.0
1,1,AAON,0.367713285212107,0.531607402977469,0.0
2,2,AAPL,0.258644563372808,0.948285147754366,0.0
3,3,AAWW,0.35449201957213,2.66738414089277,0.0
4,4,ABCB,0.452465266289275,0.0985324833954484,0.0
5,5,ABMD,0.355918066741917,1.23354239517644,0.0036952961352176177
6,6,ABUS,0.791478791920214,0.0827338206620575,0.0
7,7,ACGL,0.435124820393632,0.496163705774987,0.0
8,8,ACHC,0.459505703767625,1.51406347236547,0.0027900030279041504
9,9,ACLS,0.300961187978677,3.49877228091811,0.0
10,10,ACMR,0.851867395007915,1.00053401692388,0.0
11,11,ACNB,0.400217834228155,0.0423840655396316,0.0
12,12,ACRS,0.592323389102146,7.80208333139308,0.0
13,13,ACT,0.126133254122358,0.140589591325672,0.0
14,14,ACTG,0.52173490606394,0.626865680936344,0.00015994476317167188
15,15,ACWI,0.269890661400377,0.143913800176039,0.0011793955768129637
16,16,ACWX,0.338021606611576,0.001212148955374,0.0
17,17,ADAP,0.911040192996317,0.532786853209007,0.0
18,18,ADBE,0.597550480307644,0.122242413145123,0.0
19,19,ADI,0.266996789348524,0.427608028884858,0.0
20,20,ADP,0.220626004741491,0.313154156444819,0.009144538959941372
21,21,ADRA,0.0262797047435996,0.0897369189585047,0.0
22,22,ADSK,0.491977782556143,0.168014743066139,0.0
23,23,ADTN,0.250517944505098,0.888889016172751,0.0
24,24,ADUS,0.375245373467557,0.103448213763352,0.00429417152902605
25,25,AEHR,0.717476552848688,16.4799995422363,0.5982280448160289
26,26,AEIS,0.408040954644141,0.288055525885688,0.0
27,27,AGFS,0.601595480329281,0.158301196686405,0.0
28,28,AGYS,0.495729715717877,2.27173040576488,0.0
29,29,AIMC,0.527035900419689,0.673150676570527,0.0
30,30,AIQ,0.399989262028724,0.272828606662637,0.0
31,31,AIRR,0.319287879841754,0.677176083443299,0.0
32,32,AIRT,0.541203276406067,0.198014880727288,0.0
33,33,AKAM,0.354857057307599,0.0242975667818045,0.0
34,34,ALBO,0.608746939286741,0.735717086745446,0.0
35,35,ALJJ,0.457356790102455,0.777777777777778,0.0
36,36,ALKS,0.333386571678697,0.397754988265943,0.0
37,37,ALNY,0.390178095789292,0.958985848354412,0.0
38,38,ALPN,0.554886972849354,1.11055265785796,0.0
39,39,ALRM,0.567434470510104,0.235592373314109,0.0
40,40,ALT,0.858855889748089,6.2169314532073,0.0
41,41,ALTR,0.42868837841456,0.467661636988013,0.0
42,42,AMAL,0.509450869359828,0.181771404365471,0.0
43,43,AMAT,0.454506869679686,0.798225771996283,0.0
44,44,AMBA,0.663511842950266,0.464145949221755,0.0
45,45,AMCA,0.286007773992324,0.232764293029874,0.0
46,46,AMD,0.63240513283014,0.603713199894367,0.0
47,47,AMEH,0.727064472090298,0.925445648241432,0.0
48,48,AMGN,0.289658099038207,0.0386831024546682,0.0
49,49,AMKR,0.433687701278351,1.22171602576905,0.0
50,50,AMOT,0.52021614930714,0.255095677858605,0.0
51,51,AMPH,0.268757228519336,0.556584331151035,0.0
52,52,AMR,0.256700703162876,9.43644564718182,0.0
53,53,AMRK,0.293004829148492,8.18854402726188,0.006806850464206339
54,54,AMSWA,0.503065531513017,0.0214909125215513,0.0
55,55,AMTX,0.863174479999494,4.02150541976058,0.0
56,56,AMZN,0.577977620436735,0.100053304036458,0.0
57,57,ANAB,0.468864449187136,0.520464148663662,0.0
58,58,ANDE,0.482522321920934,0.437842020680044,0.0
59,59,ANSS,0.439745717063215,0.0363798110216174,0.0
60,60,AOSL,0.54968802490641,1.39534873083,0.006032264826443395
61,61,APEN,0.629168930064988,2.29865767140576,0.0
62,62,APLS,0.537392085402867,0.703165410256164,0.0
63,63,APOG,0.373673297248788,0.435928929685023,0.0
64,64,APPF,0.534833739531479,0.0155501420415158,0.0
65,65,APPN,0.87201098341732,0.0696923619635896,0.0
66,66,APPS,0.826285368171893,1.40776706220562,0.0
67,67,APWC,0.796350654979699,0.126760614223364,0.0
68,68,AQMS,0.898412917907049,0.556962007170514,0.0076858906364643525
69,69,ARCB,0.480276388050744,1.99425886025691,0.0
70,70,ARCC,0.429113008419811,0.0363831078515305,0.0
71,71,ARCT,0.86764266389433,0.943882187969298,0.0
72,72,ARCW,0.324734350676852,4.93750005820766,0.0
73,73,ARGX,0.22706389629139,1.38459134574426,0.0
74,74,ARLP,0.743124495457988,1.08454548228871,0.0
75,75,ARTNA,0.119487692802752,0.585037722490217,0.0
76,76,ARTW,0.673250499563896,0.36612018654234,0.0
77,77,ASET,0.252641206156189,0.0411668472427559,0.0
78,78,ASML,0.479103110584168,1.1935142926748,0.0
79,79,ASTE,0.611047942378241,0.04473371336446,0.0
80,80,ASUR,0.458840671025362,0.291616124628901,0.0
81,81,ASYS,0.541592664142099,0.52535212241901,0.0
82,82,ATEC,0.615346776853422,0.82608699141439,0.0
83,83,ATLC,0.68736101750619,2.65168554977612,0.0
84,84,ATOM,0.782596250852763,1.33226834627091,0.0
85,85,ATRC,0.551067602101167,0.32193025535983,0.0
86,86,ATSG,0.291320235978941,0.197546539630575,0.0
87,87,ATVI,0.419679447305952,0.278083790516514,0.0
88,88,AVAV,0.577723115401954,0.43153658948273,0.0
89,89,AVEO,0.616713625147182,1.40269100219056,0.0
90,90,AVGO,0.320230068359582,0.832049343440107,0.0
91,91,AVHI,0.0020262922311292,0.0609136451328628,0.0
92,92,AVID,0.427194503397874,2.50404633556416,0.0
93,93,AVNW,0.387577555868065,3.62803999047144,0.0
94,94,AVT,0.417436546159288,0.0674732795897097,0.0
95,95,AVXL,0.643900618086489,3.13307962454968,0.0
96,96,AXON,0.493281817357135,1.64036762098007,0.0
97,97,AXTI,0.706067350849195,0.35091735920153,0.0
98,98,AY,0.430864500682131,0.0386363815341773,0.0
99,99,AZPN,0.230924613819555,0.626565152867613,0.0
100,100,BANF,0.471795300785096,0.376098371040774,0.0
101,101,BANFP,0.114625019796101,0.0054844466704981,0.0
102,102,BANR,0.427678485325287,0.136969507376208,0.0
103,103,BATRA,0.350090638890459,0.179254783097524,0.0
104,104,BATRK,0.362703951092006,0.167676747956536,0.007707996345031215
105,105,BBH,0.338795593500488,0.19438908129575,0.0
106,106,BBSI,0.565151409015588,0.0935299324041332,0.0
107,107,BCBP,0.416459896098636,0.296109482909957,0.0
108,108,BCOR,0.619345931017046,0.114766643842693,0.0
109,109,BCPC,0.273430773865178,0.274936619656957,0.0
110,110,BCRX,0.460714143206442,1.97183107956136,0.003389137435857192
111,111,BEAT,0.722991581510382,0.0779944228646477,0.0
112,112,BECN,0.509375641240962,0.77306726376347,0.0
113,113,BELFA,0.532756597763303,1.49074052924919,0.0
114,114,BELFB,0.631465242494885,0.903474900276133,0.0
115,115,BFIT,0.399818246540848,0.0748378024479997,0.0
116,116,BGFV,0.741197583671003,2.30794696497094,0.0
117,117,BGNE,0.632999171274725,0.523809523809524,0.0
118,118,BHAC,0.0150905055193662,0.0420512664012419,0.0
119,119,BHACU,0.0315562847494457,0.0105528138616516,0.0
120,120,BHF,0.399163122404171,0.414529969444063,0.0
121,121,BIDU,0.790433842294839,0.0400802143984091,0.0
122,122,BILI,0.943798900840618,0.284026753039096,0.0
123,123,BIOS,0.0130259686101619,0.0350701801125832,0.0
124,124,BKNG,0.378719856665129,0.176803429016854,0.001988574851616273
125,125,BL,0.603017704879153,0.379177893925186,0.0
126,126,BLDR,0.535785978823915,2.11449771289596,0.0
127,127,BLFS,0.770647572650773,0.432762815377053,0.00020174061802195385
128,128,BLMN,0.687271975527592,0.0933273068684844,0.0
129,129,BLNK,0.832167998925408,6.27807466415651,0.0
130,130,BMLP,0.442219210154301,0.152909271840896,0.0
131,131,BMRA,0.771067350240103,0.0204081434053665,0.007154955516814786
132,132,BMRN,0.434368794873208,0.357058805577895,0.0
133,133,BNSO,0.67065672967732,0.787735927567532,0.006952366852968186
134,134,BOKF,0.518216903937236,0.142434905142959,0.0
135,135,BOSC,0.508271662974577,0.128712867781317,0.0
136,136,BOTZ,0.540141088419748,0.0764359375873446,0.0013718365699977597
137,137,BPOP,0.40761388968116,0.164969475946559,0.0
138,138,BPRN,0.363018099708647,0.0901587350027901,0.007111637926535593
139,139,BRAC,0.0169811602545265,0.0535894554674127,0.0
140,140,BRACU,0.0098619702252354,0.0581000328063964,0.0
141,141,BRKR,0.404760705635752,0.355499775122377,0.0
142,142,BSET,0.675872808905799,0.14556219215082,0.0
143,143,BTAI,0.78063091769128,0.966896583294046,0.0
144,144,BWB,0.295679829179154,0.135766469799048,0.0
145,145,BWEN,0.854845643069097,2.25301217105327,0.0
146,146,BWFG,0.476712048951899,0.0228294656138225,0.0
147,147,CAAS,0.808804327771732,1.73734157708303,0.0
148,148,CACC,0.435409732262778,0.046247115706197,0.0
149,149,CACG,0.368369105045095,0.0541040962573849,0.0023529364791970587
150,150,CAKE,0.62254324459797,0.0002547992126791,0.0
151,151,CALM,0.233501089818778,0.337540973666283,0.0
152,152,CAMT,0.542849974187956,1.31022220187717,0.0
153,153,CAPR,0.685806044042491,2.24615380383102,0.0
154,154,CAR,0.583293176417123,5.1456220575997,0.008498586050198135
155,155,CARV,0.798343476716214,1.07234046093314,0.0
156,156,CARZ,0.422695714128107,0.40867775952131,0.0
157,157,CASH,0.480973326774936,0.345079960771386,0.0
158,158,CASY,0.213275884227338,0.476560038515142,0.0
159,159,CATC,0.356764516752071,0.0043942054917271,0.0
160,160,CATH,0.259190685833363,0.246798834156547,0.0
161,161,CATY,0.402549226478114,0.148380367980777,0.0
162,162,CBAY,0.786969497726841,3.28061233675018,0.0
163,163,CBOE,0.308150896833575,0.0265664192669177,0.0
164,164,CBSH,0.266158746138179,0.0761459941027634,0.0
165,165,CCB,0.411503195794247,1.78985924420295,0.0
166,166,CCBG,0.350442620924716,0.0604180382353001,0.007566050592657282
167,167,CCD,0.429073677862493,0.0568608573979983,0.0
168,168,CCOI,0.470377289987125,0.0419389490749199,0.0
169,169,CCRN,0.4243105720096,1.39430540419827,0.0
170,170,CDC,0.177549385868324,0.32080064810668,0.0
171,171,CDL,0.313845805772014,0.213948009642557,0.0
172,172,CDMO,0.577923300124188,1.05851753002818,0.0
173,173,CDNS,0.202944530248822,1.60515817948167,0.0
174,174,CDW,0.362284990616668,0.356702825985921,0.0
175,175,CECO,0.482347899982189,0.881045773063039,0.0
176,176,CENT,0.395465593593892,0.352466891878551,0.0
177,177,CENTA,0.364384604139613,0.346127729252903,0.0
178,178,CENX,0.783536585046447,0.469280997515897,0.0
179,179,CETXP,0.859385414405308,0.185117920537935,0.0
180,180,CEVA,0.655325707614454,0.210968865445587,0.0
181,181,CEZ,0.295190990053379,0.0440256048596448,0.0
182,182,CFA,0.260750002848358,0.256649564252988,0.005975091391035461
183,183,CFBK,0.251783793673936,0.463799308637384,0.0
184,184,CFFI,0.447991451014808,0.098721014639408,0.0
185,185,CFO,0.188013773901362,0.231191977584009,0.0
186,186,CG,0.548068491235856,0.115348875060562,0.002747116325385238
187,187,CGBD,0.624537864983598,0.123973099690017,0.0
188,188,CHCI,0.434147717017883,1.0891088267516,0.0
189,189,CHCO,0.255631352463994,0.151901808979581,0.0
190,190,CHDN,0.300992710912813,0.799521396172055,0.0
191,191,CHI,0.390968058585727,0.0725294841434564,0.0
192,192,CHKP,0.188081055990434,0.142343948732112,0.0
193,193,CHMG,0.385553717438574,0.221596309378765,0.0
194,194,CHRW,0.199704066104925,0.276050932088475,0.0
195,195,CHSCP,0.143532531275673,0.0431526050272919,0.004648454537046875
196,196,CHUY,0.642737935167146,0.315526477326522,0.0
197,197,CHY,0.398727778225921,0.0725525269077467,0.0
198,198,CIBR,0.309182708635883,0.336420844778161,0.0
199,199,CIGI,0.41890195969208,0.375657309952049,0.0
200,200,CINF,0.412099540107717,0.0712933022484754,0.0
201,201,CLBK,0.343856496454738,0.166960618128962,0.0
202,202,CLFD,0.457863900259354,4.1042856488909,0.0
203,203,CLGN,0.781861850819867,0.92745377185055,0.0
204,204,CLIR,0.923812712337221,0.0136986167150362,0.0
205,205,CLMT,0.745895206486847,3.42663060326573,0.0
206,206,CLNE,0.709042023968373,1.36820066902844,0.0
207,207,CLRG,0.306021403014297,0.224519191566359,0.0
208,208,CLRO,0.867761117602738,0.0419162001502608,0.0
209,209,CMCTP,0.194391787776201,0.107932875584198,0.0012939685186730988
210,210,CNSL,0.664779620143868,0.11538456365672,0.0017141847962185576
211,211,CNTY,0.714323061277253,0.105263117010401,0.0
212,212,CODX,0.91120733902314,2.60000010596382,0.0
213,213,COHR,0.655840525841149,0.266783527499504,0.0
214,214,COHU,0.48492164716443,0.556514294911312,0.0
215,215,COKE,0.335304598424885,0.773570435008472,0.0
216,216,COLL,0.368311983431763,0.344827636605858,0.0011635380445137134
217,217,CORT,0.381865905125811,0.884583709371647,0.0009129079447163848
218,218,COST,0.193298622005094,0.738216754717169,0.0
219,219,COWN,0.499227343947599,1.434564835192,0.0
220,220,CPHC,0.31950499090495,1.13603225473158,0.0
221,221,CPLP,0.568888100912853,0.0148148006863064,0.0
222,222,CPRT,0.32769564068677,0.4575492231582,0.0
223,223,CPRX,0.347380908801585,3.07631578039264,0.0
224,224,CPSH,0.883513701360102,1.84615398722993,0.0
225,225,CPSI,0.290960237458766,0.105758355220823,0.0
226,226,CPSS,0.629427796721335,1.94721405799808,0.0
227,227,CRAI,0.38693227715798,1.17297493731976,0.0
228,228,CROX,0.720164684822081,1.88349509739583,0.0
229,229,CRTO,0.545152094837558,0.743515811809885,0.0
230,230,CRUS,0.307780960829308,0.0814787916894188,0.000425677813881093
231,231,CRVL,0.409812816490696,1.02961957324758,0.0
232,232,CSA,0.339758545932659,0.287613720105596,0.0
233,233,CSB,0.345031447626048,0.193548392285674,0.0
234,234,CSCO,0.366849389730585,0.0126924007121085,0.0
235,235,CSF,0.196781899910707,0.41666668272179,7.320199475138823e-05
236,236,CSGP,0.413207425791138,0.28751817141687,0.0
237,237,CSGS,0.24967977808962,0.149489469164775,0.0
238,238,CSIQ,0.591176431111496,0.8814847292691,0.0
239,239,CSML,0.381151378223776,0.257049462012644,0.0
240,240,CSQ,0.373082066679353,0.0549853358594049,0.0
241,241,CSTR,0.425051360893328,0.0369266764787006,0.0
242,242,CSWI,0.294200100456207,0.748254630413329,0.0
243,243,CSX,0.290213471141331,0.273825913859555,0.0
244,244,CTAS,0.380682884436115,0.644334152231902,0.0
245,245,CTG,0.372307098476086,0.349056573217983,0.0
246,246,CTIB,0.759343075347257,1.04705877733066,0.0
247,247,CTIC,0.481587333184812,2.41358036637724,0.0
248,248,CTRE,0.35792351223702,0.004362586342662,0.0
249,249,CTRN,0.858928180241525,0.356896487370968,0.0005459129314735673
250,250,CTSH,0.379005328353509,0.0716005621916902,0.0
251,251,CTXR,0.743001961036648,0.411167477673069,0.0
252,252,CVBF,0.188151081626401,0.1244196046387,0.0
253,253,CVCO,0.395575648468619,0.356407462728824,0.0
254,254,CVCY,0.437646152303991,0.152777739758355,0.0016694084232423783
255,255,CVGI,0.766937697000149,0.309374998370186,0.0
256,256,CVLT,0.367534625257894,0.386895498631614,0.0
257,257,CVLY,0.453839754795073,0.0720173493430362,0.0
258,258,CVV,0.514285700383757,2.7507691016564,0.0
259,259,CWBC,0.471838682705578,0.33093528264823,0.0
260,260,CWST,0.238606535982388,0.732324383709882,0.0
261,261,CYBR,0.390928841324472,0.19197903352828,0.0
262,262,CYCCP,0.326827083321029,1.41800003051758,0.0
263,263,CYRX,0.787423475948751,0.368705006355542,0.0
264,264,CYTK,0.360500511252183,2.99248103115853,0.0
265,265,CZWI,0.477106468847012,0.0155482468274526,0.0
266,266,DALI,0.231738718233421,0.210781512762758,0.0005250193662306493
267,267,DARE,0.635856852037426,0.564039430382177,0.0
268,268,DAX,0.451983370196934,0.0004204614970955,0.0
269,269,DBX,0.348955189074322,0.286268008260108,0.0
270,270,DFNL,0.352667818937236,0.161854504070316,0.0
271,271,DFVL,0.157460733580956,0.173669095587375,0.0010725305592197759
272,272,DGICA,0.208002939839232,0.0133511861849893,0.0
273,273,DGICB,0.204858935958569,0.317133387060651,0.0
274,274,DGII,0.471005794055333,0.895705582818927,0.0
275,275,DGRS,0.348040781561301,0.183684198479903,0.0
276,276,DGRW,0.212464702135339,0.281461698668827,0.0
277,277,DHIL,0.377358467275162,0.335341165479085,0.0
278,278,DINT,0.474259935188219,0.0194239215653132,0.0
279,279,DIOD,0.431353066059196,0.547631455636952,0.0
280,280,DJCO,0.443498853916351,0.047945205479452,0.0
281,281,DLHC,0.443518484709423,1.86279066827505,0.0
282,282,DLTR,0.230295827479757,0.58601741264831,0.0
283,283,DMLP,0.525234428957445,0.492331356393075,0.0
284,284,DNLI,0.732272615683518,0.723804178722917,0.0
285,285,DORM,0.30915970830247,0.279630843917673,0.0
286,286,DOX,0.24540214035554,0.271331813151891,0.0
287,287,DRIV,0.378411362763925,0.584000015258789,0.0
288,288,DSGX,0.290211560099077,0.715292392918302,0.0
289,289,DSKE,0.579579577107005,1.16099070521853,0.0
290,290,DSWL,0.363571736233363,0.178707136783362,0.0
291,291,DTUL,0.0091585909634231,0.189685126437115,0.0
292,292,DTYL,0.0024261765764787,0.169265982517707,0.0
293,293,DUSA,0.32387250744343,0.160968056710756,0.0
294,294,DVAX,0.574570199296753,0.975694385805618,0.0
295,295,DVY,0.312423340102916,0.184801117807753,0.0
296,296,DWAS,0.308655666498099,0.34132775594636,0.0
297,297,DWCR,0.332317165451096,0.0241696124981886,0.0
298,298,DWFI,0.0637049630713012,0.0978723079600232,0.0
299,299,DWLD,0.423412165322662,0.109794657194004,0.0
300,300,DWMC,0.315086974988663,0.406381210293597,0.0009670091041608614
301,301,DXCM,0.541453903931985,0.959919427784233,0.0
302,302,DXGE,0.293370779909248,0.0773974189920871,0.0
303,303,DXJS,0.238284934166299,0.0915410616120883,0.0
304,304,DXLG,0.815596937839928,4.57031271391316,0.0
305,305,DYSL,0.231460660541554,1.12499987582366,0.0
306,306,DZSI,0.531583574350483,0.44318176522728,0.0
307,307,EA,0.234082344512589,0.192143688764816,0.0
308,308,EBAY,0.53065294376876,0.359516622011694,0.0
309,309,EBTC,0.372892229006515,0.0486869741987334,0.0
310,310,ECPG,0.388639119838135,0.56516864070115,0.0
311,311,EDAP,0.487762785278795,1.48868773984801,0.0
312,312,EDRY,0.630028239695452,1.0704500932212,0.0
313,313,EFBI,0.181818181818182,0.151419530647843,0.0
314,314,EFSC,0.427015408594389,0.101652851525524,0.0
315,315,EGAN,0.559646525419318,0.216520719082391,0.0
316,316,EGLE,0.632049876330191,0.775023178393423,0.0
317,317,ELSE,0.378820237752859,0.178378399277012,0.0
318,318,ELTK,0.505181707036879,0.261707928185962,0.0
319,319,EMCG,0.0409301935240279,0.0310000419616699,0.0011964131205874178
320,320,EMITF,0.644565502366807,0.327433633920086,0.0
321,321,EMMS,0.640472680062471,0.0560793779755552,0.0
322,322,ENPH,0.452490726405524,7.39514591722888,0.0
323,323,ENSG,0.212923825270216,1.0603182381391,0.0
324,324,ENTG,0.575609553662148,0.598851026473229,0.0
325,325,EQIX,0.331329590591256,0.264116111783054,0.0
326,326,EQRR,0.454318266403456,0.280073383003212,0.0
327,327,ERIE,0.370990877068729,0.469774472803102,0.0
328,328,ERII,0.279923506248142,1.25127154959562,0.0
329,329,ESCA,0.619546296961048,0.283658824124413,0.0
330,330,ESEA,0.533774018975009,3.9375,0.0
331,331,ESG,0.254700494999118,0.269716886067219,0.0
332,332,ESGD,0.327092718872789,0.0359514551973568,0.0
333,333,ESGG,0.259867021466167,0.194112490253337,0.0
334,334,ESGR,0.404076770046044,0.163449579577342,0.0
335,335,ESGU,0.263201570514751,0.259279838852205,0.0
336,336,ESLT,0.273323638736948,0.0844871325370592,0.0
337,337,ESQ,0.435349289056968,0.785193765259887,0.0
338,338,ESSA,0.302060379017703,0.208014191483649,7.778681223033234e-07
339,339,ESTA,0.481556472478547,1.46254082454484,0.0
340,340,ETSY,0.754086305135633,2.07716404939124,0.0
341,341,EUFN,0.364111300508109,0.0101729788652963,0.1032524300565354
342,342,EVOL,0.703584159493176,0.415730349118474,0.0
343,343,EVOP,0.445939286885555,0.274266329161158,0.0
344,344,EWBC,0.478947067139911,0.598859614481774,0.0
345,345,EXLS,0.307743530545796,1.44272644686493,0.0
346,346,EXPD,0.341739259339213,0.375604143318103,0.0
347,347,EXPE,0.561827135568178,0.0498760004426127,0.0
348,348,EXPI,0.847964805629598,1.73748896973955,0.0
349,349,EXPO,0.25780039442904,0.476670468179361,0.0
350,350,EXTR,0.588129397248088,1.41689016011374,0.0
351,351,EYE,0.568581898864798,0.254578772279912,7.864019795629854e-05
352,352,EZPW,0.39709401211136,0.324127835049832,0.0
353,353,FAAR,0.125864898024197,0.156648790620231,9.016137450260046e-05
354,354,FAB,0.393772066291788,0.308444997478803,0.0
355,355,FAD,0.290583221868319,0.303745017462485,6.786373211291921e-05
356,356,FANG,0.721942889633856,0.565291885437958,0.0
357,357,FAST,0.27368568799208,0.363268520518914,0.0
358,358,FAT,0.705297457753075,0.442888009549075,0.0
359,359,FBIZ,0.467979296252314,0.358633727468042,0.0
360,360,FCBC,0.391971083066592,0.0497255099232324,0.0
361,361,FCEL,0.906006419229915,0.321299679073097,0.00034917318498368
362,362,FCNCA,0.374500192502184,0.454667914899447,0.0
363,363,FDTS,0.4217944088522,0.0523316201454763,0.0
364,364,FDUS,0.558727063266717,0.367003280511123,0.0
365,365,FELE,0.263542274971839,0.568525334904182,0.0
366,366,FEMS,0.384695850904554,0.0032557241953835,0.0
367,367,FENC,0.54012327429158,0.512084652858941,0.0
368,368,FEX,0.281668733873968,0.297453929341962,0.0
369,369,FFBW,0.266517839321223,0.243075325140222,0.0
370,370,FFIN,0.366122461748923,0.0059305022699118,0.0
371,371,FFIV,0.41005125426855,0.0515596466854621,0.0
372,372,FFNW,0.361787682455822,0.0033333460489908,0.0
373,373,FGBI,0.450024842183146,0.0989968233120903,0.0009786436910523895
374,374,FHK,0.21902162919784,0.0005647676627422,0.0
375,375,FITB,0.520077105334767,0.172536349626918,0.0
376,376,FIVE,0.505010398411661,0.529918475319606,0.0
377,377,FIVN,0.71476235836379,0.191830568803117,0.0
378,378,FIZZ,0.5163876219103,0.721519068212435,0.0
379,379,FLAT,0.080397417722112,0.0278823338702643,0.0013702146705115697
380,380,FLEX,0.377850593675782,0.828504271295763,0.0
381,381,FLGT,0.754909872529902,1.60246532901471,0.0
382,382,FLL,0.629781964816836,1.59411748453821,0.0
383,383,FNCB,0.285201700645252,0.0212234795800594,0.0
384,384,FNK,0.430868620950918,0.331227723807535,0.0
385,385,FNX,0.34768838563792,0.330998584145277,0.0
386,386,FNY,0.309757887835107,0.267953502815259,0.0
387,387,FOCS,0.492810556776617,0.518668086817019,0.0
388,388,FOLD,0.727646521267035,0.327902277708416,0.0
389,389,FORD,0.703842223730904,0.259999990463257,0.0
390,390,FORM,0.587623306334492,0.0740457469548306,0.0047383810054362815
391,391,FORTY,0.304417311485004,0.156975076078285,0.0
392,392,FOXF,0.565509954742333,0.686518166229936,0.0
393,393,FPXI,0.541932043198207,0.0110626962993946,0.0
394,394,FRBA,0.390838966500412,0.209115302979103,0.0
395,395,FRME,0.42212933763114,0.0183902669550178,0.0036709711201353868
396,396,FRPH,0.170666758949829,0.118924249308244,0.0
397,397,FRPT,0.770236144309924,0.0658028236721296,0.0
398,398,FSBC,0.196228660948591,0.0059701437301107,0.0
399,399,FSBW,0.432628462175018,0.127666302048767,2.497091120634732e-08
400,400,FSLR,0.450240824782644,2.14893619323795,0.0
401,401,FSV,0.41592301726251,0.53589845754866,0.0
402,402,FSZ,0.369125031958788,0.0893414583844928,0.0
403,403,FTA,0.359965939408507,0.260119656083757,0.0
404,404,FTAG,0.341071335125855,0.288750012715658,0.0
405,405,FTC,0.295423439869384,0.304425027914706,0.0
406,406,FTCS,0.205224375905733,0.248143883254782,0.0
407,407,FTEK,0.786501638629134,0.64583341482406,0.0
408,408,FTGC,0.238560731052317,0.304923261778307,0.0
409,409,FTNT,0.333633350042805,1.43215608918379,0.0
410,410,FTRI,0.3183193753267,0.177600021362305,0.0
411,411,FTXD,0.280445329417858,0.379772783992143,0.0
412,412,FTXG,0.252246536953701,0.210167908145971,4.311832668435896e-07
413,413,FTXH,0.182918319232072,0.180531777311973,2.5849137328383136e-07
414,414,FTXL,0.368386710137789,0.445502228128766,0.0
415,415,FTXN,0.509827799659091,0.749849332106069,0.0
416,416,FTXO,0.453675075141066,0.0166194944109897,0.0
417,417,FTXR,0.388372276742487,0.161632615692761,0.0
418,418,FUND,0.315895535024647,0.177266571914368,4.0945572961882176e-07
419,419,FV,0.200039102313027,0.532639542014964,0.0
420,420,FVC,0.206251126611683,0.287207251196509,0.0
421,421,FWONA,0.424581588804572,0.448589664044568,0.0
422,422,FWONK,0.427198242779037,0.529157758497032,0.0
423,423,FWRD,0.286598385082002,0.53807749928216,0.0
424,424,FYC,0.328982808276141,0.287755920571951,0.0
425,425,FYT,0.441329805816236,0.320843037170021,0.0
426,426,FYX,0.379737726885921,0.334814553461233,0.0
427,427,GABC,0.330573137670952,0.0798991431207754,0.0
428,428,GAIN,0.415188792817155,0.0202550982227316,0.0
429,429,GCBC,0.356369419696603,0.706169391835019,0.0
430,430,GDEN,0.656219205187252,1.03084824938744,0.0
431,431,GECCM,0.0117332202251645,0.202107346279615,0.0
432,432,GENY,0.491984920605647,0.0769783939027051,0.0
433,433,GERN,0.616766346055572,1.42647052765099,0.00013143064965265527
434,434,GILD,0.270328081732458,0.280940088586202,0.0
435,435,GLAD,0.445399982373604,0.0392354486706844,0.0
436,436,GLNG,0.564462236759107,0.63916085464423,0.0
437,437,GLPI,0.420479458559242,0.240963891627597,0.0
438,438,GNPX,0.775387267371894,3.32352945043554,0.0
439,439,GNTX,0.380645415868439,0.0144379537329284,0.0
440,440,GNUS,0.859840740621216,1.43333339691162,0.0001289629351423659
441,441,GOGL,0.508528687188976,0.654576854373602,0.0
442,442,GOGO,0.751694295177807,1.61214957297079,0.0
443,443,GOLD,0.582278038851688,0.0448957880112887,0.0
444,444,GOOG,0.41667755768627,0.488874863483569,0.0
445,445,GOOGL,0.428566671174997,0.466022854064869,0.0
446,446,GPOR,0.323490747632212,0.0904000244140625,0.0001845739116329263
447,447,GPRE,0.689015271772095,1.20481924213554,0.0
448,448,GPRO,0.626881403394101,0.397727264106766,0.0
449,449,GRBK,0.369128373861393,1.71540482023031,0.0
450,450,GRID,0.283295285307374,0.724081782636246,0.0
451,451,GRIN,0.59806110782509,1.24847562936872,1.237844676233048e-07
452,452,GRMN,0.554366785546481,0.0129071345153189,0.0
453,453,GROW,0.658976378470523,1.11486491493451,0.0
454,454,GRVY,0.819312129849527,0.318947340312757,0.0
455,455,GSKY,0.585887607017754,0.146067443421929,0.0
456,456,GSM,0.601573305396558,4.05319150217845,0.0
457,457,GTIM,0.641454996971872,0.726708041421748,0.0
458,458,GTLS,0.581665507217501,0.97087362623488,0.0
459,459,GURE,0.476179719804738,0.423999977111816,5.9908576588271295e-09
460,460,GWRS,0.424987550800299,0.0715361316541675,0.0
461,461,HAFC,0.543130371398255,0.158706491219696,0.0
462,462,HALO,0.360018642526879,1.90353340882141,0.0
463,463,HAYN,0.551270399160429,0.546085450276714,0.0
464,464,HBAN,0.460403919756962,0.0033068909466472,0.0
465,465,HCCI,0.561413225555256,0.174242437013545,0.0
466,466,HCKT,0.291956227570079,0.3667285267283,0.0
467,467,HDSN,0.262239439000716,9.52577292474453,0.0
468,468,HEES,0.569423920999721,0.510537294866599,0.0
469,469,HEWG,0.321682916783909,0.0289115779761434,0.0
470,470,HFWA,0.323199672382158,0.0035174245654693,0.0
471,471,HIBB,0.613209895220724,1.35486160013147,0.0
472,472,HIFS,0.392897642679715,0.393289420136947,0.0
473,473,HIHO,0.606631021455846,0.450617220812029,0.0
474,474,HIMX,0.73666997397686,2.02973957069412,0.0
475,475,HLIT,0.32716051748705,0.688461506954548,0.0
476,476,HLNE,0.434643853771963,0.295291961732958,0.0
477,477,HMNF,0.341440746413373,0.0220037125432814,1.6677847204456715e-05
478,478,HNRG,0.783416847631844,1.9466667175293,0.0
479,479,HOLI,0.384729716861647,0.118847512627312,0.0
480,480,HOLX,0.348346230283172,0.561804321107607,1.3541897919250537e-07
481,481,HOMB,0.393561001119763,0.210446332169419,0.0
482,482,HONE,0.317731093001046,0.240000031211159,0.0
483,483,HOVNP,0.433068581203733,2.62857128324963,0.0
484,484,HSIC,0.273061930728247,0.28218482505648,1.5128760661030778e-07
485,485,HSON,0.429386062362178,1.08786620595551,0.0
486,486,HTBI,0.467902194810716,0.004838078031497,0.0
487,487,HTHT,0.594347678157586,0.168882343445036,0.0
488,488,HUBG,0.239733732063548,0.615880157350297,0.0
489,489,HVBC,0.309421104409331,0.735882366404814,0.0
490,490,HWC,0.561969253939708,0.166553326449648,0.0
491,491,HWKN,0.235291076638503,0.696758710653934,0.0
492,492,HZNP,0.521519371843167,2.0477778116862,0.0
493,493,IAC,0.767368801148185,0.0360090814864617,4.789136846518562e-08
494,494,IBB,0.325855351744248,0.125721348856792,8.359596094586007e-08
495,495,IBKR,0.314623881244996,0.704841191767088,0.0
496,496,IBOC,0.385255755381541,0.0826980351269371,0.0
497,497,IBTX,0.57807393344388,0.100736231795506,0.0
498,498,ICCC,0.413785864434504,0.440776687163257,0.0
499,499,ICCH,0.269246782135222,0.107892811429728,0.0
500,500,ICFI,0.324115544281477,0.11112320414325,0.0
501,501,ICLN,0.457969146974529,0.753169898975014,0.0
502,502,ICLR,0.360120463383717,0.335513787055671,0.0
503,503,ICUI,0.371949316700274,0.0322115324658048,0.0
504,504,IDCC,0.520633052740121,0.270662995779857,0.0
505,505,IDXX,0.515287715371459,0.83726533186539,0.0
506,506,IESC,0.497497028723151,0.531153898972731,0.0
507,507,IGF,0.300323947915559,0.0035350003827389,0.0
508,508,III,0.452585960597498,1.07114617801349,0.0
509,509,IIIN,0.415046735289487,0.380755097569404,0.0
510,510,IIIV,0.479798194126417,0.0179514337071808,0.0
511,511,IJT,0.296764845897507,0.193661243421728,0.0
512,512,IMKTA,0.258921697873676,0.976695740437401,0.0
513,513,IMMP,0.740815127798213,0.0833333885228207,0.0
514,514,IMOS,0.542593451520765,0.0043516267824953,0.0
515,515,IMXI,0.319413578164121,0.874794035026556,0.0
516,516,INBK,0.498782847175647,0.10741369709327,0.0
517,517,INDY,0.321654640769526,0.0810533909351636,0.0
518,518,INOD,0.733359891889977,2.85964925489487,0.0
519,519,INSE,0.650342811981071,1.18475062221305,0.0
520,520,INTG,0.313070130803187,0.149600016276042,0.0
521,521,INTL,0.0,0.0776302586152395,0.0
522,522,INTU,0.432845147387877,0.618929198583904,0.0
523,523,INVE,0.735421655396641,0.5543672120318,0.0
524,524,IOSP,0.367915717997656,0.0856868232439291,0.0
525,525,IPAR,0.460872513799419,0.617015459359256,0.0
526,526,IPDN,0.823849003478932,1.77472529955754,0.0
527,527,IPKW,0.399809929865328,0.067686853091381,0.0
528,528,IPWR,0.611297167452938,4.43347650727617,0.0
529,529,IRDM,0.376356080849488,1.42758625065471,0.0
530,530,IRIX,0.783318778644926,0.0090909002241026,0.0
531,531,IRMD,0.398811299374945,0.578725229326664,0.0
532,532,IRTC,0.811975305820614,0.431275518563879,1.0761599405116394e-06
533,533,ISBC,0.366919996716192,0.164078886274878,0.0
534,534,ISIG,0.73304996455259,0.788732538956494,0.0
535,535,ISRG,0.484116291138052,0.237317460299164,0.0
536,536,ISSC,0.44390090935968,0.424657444766908,0.0
537,537,ITCI,0.555685404933225,0.397084525796974,0.0
538,538,ITIC,0.357677864737177,0.0253164556962025,0.0
539,539,IUSG,0.307587952955708,0.26617644814884,0.0
540,540,IUSV,0.277309225232632,0.197944610957572,0.0
541,541,IXUS,0.34007172996029,0.0091360746978752,0.0
542,542,IZEA,0.897567747233397,1.87903225128069,0.0
543,543,JAKK,0.651960798750836,0.985714322044736,0.0
544,544,JAZZ,0.349270136118814,0.0478229510933901,0.0
545,545,JBHT,0.244332371137725,0.603477528456703,0.0
546,546,JD,0.639168764639808,0.655450508757149,0.0
547,547,JKHY,0.242531480152635,0.229535023124144,0.0
548,548,JSMD,0.304197519851094,0.198383071348359,0.0
549,549,JSML,0.415870353853526,0.106822264601421,0.0
550,550,JYNT,0.875104174470821,0.114723983236862,0.0
551,551,KBWP,0.261273201551842,0.248360590296074,0.0
552,552,KBWR,0.4170861553734,0.0828249127306017,0.0
553,553,KE,0.431438737874414,0.444255820462688,0.0
554,554,KEQU,0.432344257165388,0.191335707259314,0.0
555,555,KFRC,0.363073373785124,0.407825497161653,0.0
556,556,KHC,0.255702271194073,0.255187291116091,6.516567086555499e-05
557,557,KIRK,0.904111024043839,1.90476199486719,0.0
558,558,KLAC,0.272058170274705,1.1710366945266,0.0
559,559,KLIC,0.481045370537694,0.858181762695313,0.0
560,560,KNSA,0.759723119458294,0.301530196668938,0.0
561,561,KNSL,0.375572739503561,1.73167861873604,0.0
562,562,KOPN,0.900383589254113,1.92682941012408,0.0
563,563,KOSS,0.932168308165912,2.75333340962728,0.0
564,564,KRMA,0.258476791597516,0.244597057843149,0.0
565,565,KRYS,0.418368665722336,0.493889354032705,0.0
566,566,KZR,0.697851058231318,0.748780547090404,0.0
567,567,LAKE,0.651378993666895,0.338262472332867,0.0005244685361660724
568,568,LAMR,0.450691941959951,0.194528512156049,0.0
569,569,LANC,0.394168659869175,0.19428714136766,0.0
570,570,LAND,0.513990391587991,0.501921642718275,0.0
571,571,LAZY,0.544794005263298,2.0674416268175,0.0
572,572,LBAI,0.427368206030126,0.106199791812131,0.0
573,573,LBC,0.263696506860389,0.0190971618587244,0.0
574,574,LBTYK,0.452569311189726,0.0214808610023117,0.0
575,575,LCA,0.0198026766932688,0.0313531247636346,0.0
576,576,LCAHU,0.0306931096938819,0.0080483783458355,0.0
577,577,LCUT,0.638445609286984,0.139402559007918,0.0
578,578,LECO,0.304244391223402,0.710960701381755,0.0
579,579,LEDS,0.923761709040153,0.020202000741265,0.0
580,580,LEGR,0.324259653741273,0.163315758745957,0.0
581,581,LFAC,0.0050200994521448,0.0351406004145802,0.0
582,582,LFACU,0.0157954987735831,0.0197628272259696,0.0013270215333520726
583,583,LFUS,0.367859911803112,0.330275671175954,0.0
584,584,LGIH,0.567623314768509,0.60239259090791,0.0
585,585,LGND,0.57403748976472,0.0625686878930308,8.852179415943515e-06
586,586,LHCG,0.500082302699922,0.151277674416905,0.0
587,587,LINC,0.407556560387156,1.26785714741872,5.4487194667506975e-06
588,588,LINK,0.440701465718947,0.867368396959807,1.4091728540425161e-05
589,589,LION,0.0029440367229203,0.0367346581296598,0.0
590,590,LIVE,0.630844100227563,3.72954206570089,0.0
591,591,LKFN,0.252879927206843,0.444535198822876,0.0
592,592,LKQ,0.435890860025722,0.641425447940212,0.0
593,593,LMAT,0.325777053065287,0.304395982681674,0.0
594,594,LMB,0.665555397745964,2.45967736198304,0.0
595,595,LMST,0.40323210390167,0.485386758913111,0.0
596,596,LNGR,0.148413400052555,0.194985487450361,0.0
597,597,LNTH,0.4287834378492,1.78180937531518,0.0
598,598,LOB,0.682740444098939,0.79027186400525,0.0
599,599,LOGI,0.632455654678176,0.232734969649188,0.0
600,600,LOPE,0.355160433465377,0.204629960574892,0.0
601,601,LOVE,0.778156369305387,0.583999985914964,2.3208471235420255e-05
602,602,LPCN,0.780288603176893,0.358974335461678,0.0
603,603,LPLA,0.415225190144005,1.55958545638422,0.0
604,604,LPTH,0.775133402398171,1.02702700090374,0.0
605,605,LQDA,0.664973001354933,0.503416880492113,0.0
606,606,LQDT,0.515801385713363,1.50668891694095,0.0
607,607,LRCX,0.44741313078598,0.690783718194133,0.0
608,608,LRGE,0.342107089148713,0.175300804140553,0.0
609,609,LSCC,0.39483624797411,2.89465593428527,0.0
610,610,LSTR,0.21357946432782,0.511148008048988,0.0
611,611,LTRPB,0.798618631139915,2.72413793103448,0.0
612,612,LTRX,0.579507268352596,0.41853940222032,0.0
613,613,LULU,0.43851622089542,0.317647114319847,0.0
614,614,LUNA,0.659703126223747,0.192982501298593,0.0
615,615,LVHD,0.251406274833054,0.135459362983508,7.38045538611183e-06
616,616,LWAY,0.422260302402906,1.71065993656614,0.0
617,617,LYTS,0.433285928324257,1.26942134039315,0.0
618,618,MACK,0.510727593684384,2.65615137969895,0.0
619,619,MANH,0.423059272771552,0.626653376630671,0.0
620,620,MAR,0.508231431882523,0.149702921952352,0.0
621,621,MARA,0.946425396492001,7.19318190592626,5.950343046391441e-10
622,622,MARPS,0.337899893344911,3.14583344586815,0.0
623,623,MASI,0.619543035258326,0.0757747961103504,0.0031154927916690945
624,624,MAT,0.403723354694279,0.495613934798794,0.0
625,625,MAYS,0.384381496814437,0.439349538911649,0.0
626,626,MBCN,0.396424435617748,0.0260279339155147,0.0
627,627,MBIN,0.301527498016149,1.17734618320479,0.0
628,628,MBUU,0.466898998595726,0.463173155659271,0.0
629,629,MCFT,0.586015520132762,0.813367014593442,0.0
630,630,MCHP,0.372308856688579,0.46411399868351,0.0
631,631,MCRB,0.894775328393217,0.576368802619994,0.0
632,632,MCRI,0.477246855753657,0.567512296896446,0.0
633,633,MDB,0.659510544914522,0.645491002963614,0.0
634,634,MDGL,0.600024483197334,2.14546051854907,0.0
635,635,MDLZ,0.174324350828597,0.188521627483113,0.0
636,636,MDRX,0.344685619501818,0.818274025766052,0.0
637,637,MEDP,0.424068667611203,1.60112969620933,0.0
638,638,MELI,0.705948918966797,1.04820247583069,0.0
639,639,MEOH,0.691341858140016,0.210795642013352,0.0
640,640,MERC,0.428556209056229,0.0241350949070877,8.32433453932878e-05
641,641,METC,0.577930152777712,1.89722238374346,0.0
642,642,MFIN,0.745531525218085,0.17146776495761,0.0
643,643,MGI,0.442880576853821,4.05633797141395,6.425111993842567e-09
644,644,MGIC,0.290641435837265,0.644084900346823,0.0
645,645,MGPI,0.451124345992988,0.993460051239968,0.0
646,646,MGRC,0.328430930157368,0.295756330525394,0.0
647,647,MGYR,0.385235051095302,0.267279836310299,0.0
648,648,MHLD,0.526051063025791,2.07792200553998,2.478499775802745e-06
649,649,MICT,0.7460583356093,0.235538642764108,5.906894997260478e-06
650,650,MIDD,0.491734436540156,0.407296743044186,0.0
651,651,MILN,0.439237955870166,0.147544178798934,8.364665445354073e-06
652,652,MITK,0.610046465352336,0.275549758389142,0.0
653,653,MMSI,0.26229989982507,1.27156952628892,0.0
654,654,MMYT,0.483821087500929,0.254002543351533,0.0
655,655,MNKD,0.541854210601148,3.11278166442873,0.0
656,656,MNST,0.194081999174134,0.627267093822111,0.0
657,657,MOBL,0.218107027176479,0.448559623137747,0.0
658,658,MORN,0.365397435528474,0.605712109634091,1.2903545554452106e-05
659,659,MPB,0.417131555244685,0.0862961704955083,0.0
660,660,MPWR,0.379376820271027,1.36819902910318,0.0
661,661,MRAM,0.575350710028321,0.287313418562042,0.0
662,662,MRBK,0.337459981764389,0.577513597770509,0.0
663,663,MRSN,0.887765019296854,0.132530118504294,0.0
664,664,MRTN,0.154814439815898,0.527662523811355,0.0
665,665,MRUS,0.518858863193706,0.106382975845256,0.0
666,666,MRVL,0.586299207032338,0.598148204662182,0.0
667,667,MSEX,0.358748432453797,0.308676626312314,0.0
668,668,MSFT,0.304314869646017,0.560712932760807,4.430987078455914e-05
669,669,MSTR,0.851809339790137,0.762321493848734,0.0
670,670,MTBCP,0.165433402249494,0.0234802339359941,0.0
671,671,MTEX,0.599292516963945,0.142857142857143,0.0
672,672,MTSI,0.414083679487653,1.47946707142255,0.0
673,673,MU,0.52605246763007,0.0993619127539416,0.0
674,674,MVIS,0.863960824423785,2.48611095934003,0.0
675,675,MYFW,0.315068493150685,0.527050563377953,0.0
676,676,MYRG,0.310108784470984,2.01552517990624,0.0
677,677,NAII,0.579311806680437,0.115288170082436,0.0
678,678,NATH,0.361566859466294,0.0458663348211228,0.0
679,679,NATI,0.3478930340466,0.269692018573172,0.0
680,680,NATR,0.628413981485899,0.17073169442331,0.0
681,681,NAUH,0.795477780832298,3.50000027939678,0.0
682,682,NAVI,0.480121196912411,0.377632438832564,0.0
683,683,NBIX,0.422205063704553,0.0271296324553313,0.0
684,684,NBN,0.454338600941527,1.19534887269486,0.0
685,685,NDAQ,0.297253838585719,0.683479323921566,0.0
686,686,NDLS,0.669992426985783,0.133333287511146,0.0
687,687,NDSN,0.220858969707685,0.490626156305268,0.0
688,688,NEON,0.718143392566785,3.13500022888184,0.0
689,689,NFLX,0.756755533711221,0.085127196346126,0.0
690,690,NFTY,0.353548027587863,0.243151670360168,0.0
691,691,NICE,0.395144671967192,0.323570642292588,0.0
692,692,NLST,0.878797392745163,4.24999995343387,0.0
693,693,NNDM,0.870034641362036,0.0494296085040186,0.0
694,694,NOVT,0.331383371920219,0.82431360663822,0.0
695,695,NRIM,0.352860883794145,0.393647461388977,0.0
696,696,NSIT,0.413272111649292,0.588948369628343,8.319080045910744e-06
697,697,NSSC,0.456257166891769,0.955450565905785,0.0
698,698,NSYS,0.307615205387849,1.67766984592049,0.0
699,699,NTAP,0.354788997925442,0.0687429732502131,0.0
700,700,NTCT,0.235002761410634,0.32098763300225,0.00020702186224441695
701,701,NTES,0.567944626710411,0.411976542128558,5.7986145806682e-07
702,702,NTLA,0.770630976980166,1.86950633780744,0.0
703,703,NTRA,0.702646816224045,0.267867676648871,0.0
704,704,NVAX,0.959499051826603,1.73433579482092,0.0
705,705,NVCR,0.689354710146139,0.091714606920369,0.0
706,706,NVDA,0.621084623059453,2.27321457787958,0.0
707,707,NVEC,0.436127638855102,0.0149025020800193,0.0
708,708,NVEE,0.330512695490454,1.61096954511547,0.0
709,709,NVMI,0.49195593474787,1.3669101688561,0.0
710,710,NWPX,0.366065740058124,0.117084887611702,0.0
711,711,NWS,0.407838696579672,0.397129212178323,0.0
712,712,NWSA,0.452989628807051,0.429781236400719,0.0
713,713,NXPI,0.380620767547967,0.433092268749737,0.0
714,714,NXST,0.524157076570288,0.734603972713848,0.0
715,715,NYMTO,0.595907298731863,0.0009385710575616,0.0
716,716,OCC,0.460857024750299,0.258461585411659,0.0
717,717,OCSI,0.327678059194449,0.0378510910255981,0.0
718,718,OCSL,0.420393559826712,0.221611798174558,0.0
719,719,ODFL,0.293758508229736,1.62724692412205,0.0
720,720,ODP,0.460837734985386,0.876363580877131,0.0
721,721,OIIM,0.68629864788495,1.63483153517056,0.0
722,722,OMAB,0.561405291547344,0.223003576286697,6.983616160761637e-06
723,723,ON,0.461291692069586,1.96767664437342,0.0
724,724,ONEQ,0.346301791526586,0.28825296165323,0.0
725,725,OPBK,0.393396340609303,0.134000015258789,0.0
726,726,OPHC,0.437167448493676,0.424137923663635,0.0
727,727,OPNT,0.745827091164063,0.349832813554245,0.0
728,728,OPRX,0.84734768237882,0.751219586628239,9.946820949674702e-08
729,729,ORG,0.552156236056949,1.51515136463474,0.0
730,730,ORLY,0.313198894898966,0.806955474540336,0.0
731,731,ORRF,0.39961698758412,0.105898164794758,0.0
732,732,OSBC,0.489572735663665,0.257586934365608,0.0
733,733,OSS,0.609683042982506,0.730392175195585,2.6210380740252033e-09
734,734,OSTK,0.84591980140066,2.41949143296033,0.0
735,735,OTTR,0.290285058968763,0.248783392246904,0.0
736,736,OVLY,0.426095980383818,0.300462279803842,0.0
737,737,OXBR,0.81053226704833,2.0405405013556,0.0
738,738,OZK,0.463039247282862,0.480868934597362,0.0
739,739,PACB,0.885169331195224,1.14506769611842,0.0
740,740,PANL,0.332729272468445,1.07167236633526,0.0
741,741,PATK,0.550662331147683,0.336786607962435,1.0777400569670723e-08
742,742,PAYX,0.273399549079021,0.35508772643686,0.0
743,743,PBHC,0.290374601286233,0.356174139157486,0.0
744,744,PBPB,0.534374855108569,0.871194334147158,0.0
745,745,PCAR,0.239739093834143,0.380351177123666,0.0
746,746,PCB,0.495187195200089,0.0647935278763259,0.0
747,747,PCH,0.333109411906975,0.126582276258352,0.0
748,748,PCTY,0.448712575333987,0.716581502986995,0.0
749,749,PCYG,0.449743129459134,0.119691193618262,2.9868728966438836e-06
750,750,PDCE,0.765741010557428,1.58215800758489,0.0
751,751,PDCO,0.36608625912722,0.472682952880859,0.0
752,752,PDD,0.828193582726763,1.54493515212815,0.0
753,753,PDFS,0.366010930362532,0.858479530859171,0.0002518938860071716
754,754,PDP,0.319071514331727,0.167645214299692,0.0
755,755,PEBK,0.526719021632201,0.0069760246806391,0.0
756,756,PENN,0.791895808836825,0.365036646139227,0.0
757,757,PEP,0.1585957188289,0.249506907091173,0.0
758,758,PERI,0.424295332515583,4.26729548690883,0.0
759,759,PEY,0.324249347473547,0.124079844700509,0.0
760,760,PEZ,0.385476614011663,0.245774941498715,2.8899329700746346e-06
761,761,PFBC,0.442662382294636,0.177843980333116,0.0
762,762,PFG,0.443153567289227,0.669673507887676,0.0
763,763,PFI,0.33743337717763,0.118285069007398,0.0
764,764,PFIS,0.35789128322499,0.0173617825042501,0.0
765,765,PFM,0.212532069116919,0.215469644767015,2.7717151268625206e-06
766,766,PFMT,0.637428292171463,1.86725665770698,0.0
767,767,PFSW,0.512448519289661,0.729870133087112,0.0
768,768,PGC,0.473273380870657,0.201101073853369,0.0
769,769,PHO,0.255376597647144,0.400566701682221,0.0
770,770,PI,0.494396236918644,3.94588414296189,0.0
771,771,PID,0.341949037436248,0.0512223018122698,0.0
772,772,PIO,0.346547440311064,0.145987772684617,0.0
773,773,PIZ,0.405818591556792,0.0314661080571035,0.0
774,774,PKW,0.305646759803949,0.31956074439611,0.0
775,775,PLAB,0.372087055474091,0.132500052452087,0.10414986546125904
776,776,PLAY,0.705053819712775,0.0708991839016758,0.0
777,777,PLBC,0.287870134933471,0.572305414587508,0.0
778,778,PLPC,0.265135346826897,0.458794433427358,0.0
779,779,PLUG,0.855929601640442,4.30218076495375,0.0
780,780,PLUS,0.284411744479338,0.171294088924632,0.0
781,781,PLXS,0.301071211844775,0.237303371979884,0.0
782,782,PNFP,0.423182376404931,0.219674665139921,0.0
783,783,PODD,0.30720905080122,0.677878989180999,0.0
784,784,POOL,0.484763775764968,0.816858157610547,0.0
785,785,POWI,0.408286008800497,0.734636197563959,0.0
786,786,PPH,0.172001242728924,0.215893154847578,0.0
787,787,PPIH,0.450348441433689,0.0855614122375891,0.016256346401354486
788,788,PPSI,0.706182233869528,0.273913098913962,0.0
789,789,PRAA,0.33940570645152,0.0994536436092874,0.0
790,790,PRFT,0.53212827757392,0.605804685509305,0.0
791,791,PRFZ,0.354213305007662,0.263640247812668,0.0
792,792,PRGS,0.302574821118085,0.270115015502232,2.8290884142121024e-06
793,793,PRIM,0.575662138825096,0.187500037252904,0.0
794,794,PRMW,0.409830254007545,0.144005794547325,0.0
795,795,PRN,0.323391464223356,0.357184399967935,0.0
796,796,PRPH,0.554898474002114,3.26041692084013,0.0
797,797,PRTA,0.618495124188615,2.5410142950224,0.0
798,798,PRTH,0.690274964716696,0.971311405729589,0.0
799,799,PRTS,0.785337489848796,2.12844034991535,0.0
800,800,PSC,0.356873588743365,0.307833576479427,4.2299668526137516e-07
801,801,PSCC,0.228247594635455,0.345692920959947,0.0
802,802,PSCD,0.497053162741194,0.465288753257886,0.0
803,803,PSCE,0.714615900589741,0.440587488862128,0.0
804,804,PSCH,0.367774410639632,0.0766923170823317,0.0
805,805,PSCI,0.342753758871868,0.364169096427161,0.0
806,806,PSCM,0.366938755658513,0.464240842532774,0.0
807,807,PSCT,0.286047556610611,0.364705917551993,0.0
808,808,PSCU,0.285186744749379,0.106845642909572,0.0
809,809,PSEC,0.353029086672865,0.159196328162144,0.0
810,810,PSET,0.254100133566439,0.272595102379837,0.0
811,811,PSL,0.261031341118985,0.140261112404529,0.0
812,812,PSMT,0.441963564517323,0.0420698373679647,0.0
813,813,PTC,0.296810790071244,0.788148009241854,0.0
814,814,PTEN,0.781052318570929,0.574507883499075,0.0
815,815,PTF,0.395602165335506,0.564687807691123,0.0
816,816,PTGX,0.861437767824847,0.874471040314731,0.0
817,817,PTH,0.382594181704534,0.271957364096822,0.0
818,818,PTNR,0.222741591482933,0.610091689439468,0.0
819,819,PTSI,0.476483589620624,1.02306079063797,0.0
820,820,PVAL,0.146110270905864,0.114858276835643,0.0
821,821,PXI,0.635221449368711,0.604321702087408,0.0
822,822,PXS,0.665468483829752,0.0446428143780452,0.0
823,823,PY,0.290025138909612,0.230306831820335,0.0
824,824,PYZ,0.373754186632786,0.431353874989323,0.0
825,825,PZZA,0.462680352537905,0.426140933564217,0.0
826,826,QABA,0.377168069694954,0.0275105871059855,1.2934318030428003e-07
827,827,QAT,0.260684349546136,0.0646960305448102,0.0
828,828,QCLN,0.520878899074765,1.22191345907397,0.0
829,829,QCOM,0.394419879401413,0.495901203242437,0.0
830,830,QCRH,0.385359971811496,0.192648099325127,3.6895299652107253e-07
831,831,QDEL,0.786614397507999,0.137825665085186,0.0
832,832,QLC,0.237517286564234,0.232414851004663,0.0
833,833,QLYS,0.335921142559354,0.377268358025178,0.0
834,834,QQEW,0.292225721455756,0.306275932865433,0.0
835,835,QQQ,0.339236278584942,0.374160464106331,0.0
836,836,QQXT,0.229883950276897,0.401838965992945,0.0
837,837,QRHC,0.491486069858359,2.2093022275835,0.0
838,838,QTEC,0.410506293179945,0.174394455002903,0.0
839,839,RAIL,0.64123798625638,0.69711543311029,0.0
840,840,RARE,0.750457476013782,0.0497916051571031,0.0
841,841,RAVE,0.747047971141675,0.0848484774047458,0.0
842,842,RBBN,0.759176673106039,0.132258096272195,0.0
843,843,RCKY,0.682746690810427,0.0660345008550127,1.9188952025077233e-08
844,844,RCM,0.701438994274649,0.0965517402655979,0.0
845,845,RCMT,0.563198180424772,3.52542378497651,0.0
846,846,RDCM,0.301107833884715,0.241134746176651,0.0
847,847,RDNT,0.541721944766233,0.0415635918179364,0.0
848,848,RDVT,0.567607207833069,0.270710891603466,0.0
849,849,RDVY,0.297397658458006,0.326688803599165,0.0
850,850,REGI,0.625916357884139,1.28200364597289,0.0
851,851,REGN,0.308451431397882,1.00653431402943,0.0
852,852,RELL,0.350755420145424,2.92105282971074,0.0
853,853,REPL,0.75389089628181,0.906228681445682,7.421654446722439e-11
854,854,RFAP,0.208327902822924,0.406217345158215,0.0
855,855,RGEN,0.46379037002265,0.991188565581969,2.1308797256204622e-10
856,856,RGLD,0.429589569950848,0.0357958203807605,0.0
857,857,RICK,0.512982856137077,3.42230871305255,0.0
858,858,RILY,0.631979685167574,0.684272689347199,2.2661977845296206e-10
859,859,RILYL,0.233464047459158,0.0056565409958964,0.0
860,860,RING,0.589313357171796,0.0406301620289444,0.0
861,861,RIOT,0.948085065719868,4.50000005228478,0.0
862,862,RMBS,0.328990557031251,1.89899721419163,0.0
863,863,RMNI,0.667042232409559,0.156812308135105,0.009449375681174736
864,864,RNDV,0.269867838145466,0.238049495432555,0.0
865,865,RNLC,0.253100044395942,0.27137525208509,0.0
866,866,RNMC,0.329601997791846,0.253695751166367,0.0
867,867,RNSC,0.332312605457259,0.283439475522503,0.0
868,868,ROAD,0.438351383578733,0.663139361250144,0.0
869,869,ROBT,0.40629180395787,0.183974563682272,0.0
870,870,ROCK,0.620805520149703,0.0591142300420748,0.0
871,871,ROSE,0.0139303821557955,0.0477611475747872,0.0
872,872,ROSEU,0.0225348315208989,0.0445985929098049,0.0
873,873,ROST,0.485763617034712,0.0146806235850856,0.0
874,874,RRR,0.657153268590573,0.854552841886538,0.0
875,875,RUN,0.815627258001727,0.87848471169382,0.0
876,876,RUSHA,0.323477794848199,0.723574713541827,0.0
877,877,RUSHB,0.355725912954774,0.89726022369355,0.0
878,878,RVNC,0.583959418679509,1.10309283120288,0.0
879,879,RYAAY,0.531162941778742,0.024674593580376,6.983050190607153e-08
880,880,RYTM,0.908074242584484,0.181936089147202,0.0
881,881,SAIA,0.46496426063117,1.910895330747,0.0
882,882,SAL,0.296414002864919,0.261760094265865,2.8702157798017127e-07
883,883,SAMG,0.244507045726789,0.511999969482422,0.0
884,884,SANM,0.263304933459237,0.759457072650098,0.0
885,885,SBAC,0.337246105737651,0.233796418452385,0.0
886,886,SBCF,0.410406055794212,0.049003592619751,0.0
887,887,SBLK,0.561386954640248,0.928692684921138,0.0
888,888,SBSI,0.313553859477033,0.0180059661415622,0.0
889,889,SBUX,0.407475635240057,0.238538311256257,0.0
890,890,SCHL,0.477970874428178,0.142857213246805,0.0
891,891,SCHN,0.561736798029438,0.543795622025804,0.000291698627925591
892,892,SCKT,0.850678967459449,0.512500025145709,0.0
893,893,SCPH,0.554328812637906,0.0996441199613711,0.0
894,894,SCVL,0.493077795760063,0.461209132454388,0.0
895,895,SDVY,0.36688656781319,0.322064931063591,0.0
896,896,SEDG,0.374164891884556,2.29000005033827,0.0
897,897,SEED,0.818987030435535,0.596050281749114,0.0
898,898,SELF,0.234158956902306,0.182870354273438,0.0
899,899,SENEA,0.256827159865698,0.546646875426864,0.0
900,900,SENEB,0.286730390417753,0.582195188941025,1.5046776470341611e-07
901,901,SFBC,0.42579939488205,0.106944402058919,0.0
902,902,SFBS,0.305491778281651,0.804658615884812,0.0
903,903,SFM,0.280981509427747,0.647756666768969,0.0
904,904,SGEN,0.361303866645705,0.226844865267942,0.0
905,905,SGRP,0.517203553392006,0.0076923006385033,0.007190038120220292
906,906,SGRY,0.644241150532304,1.07759710350363,0.0
907,907,SHLD,0.0995777937697761,0.100385193677693,0.0
908,908,SIC,0.771129581145731,0.611790894330125,0.0
909,909,SIFY,0.725946179710561,0.376000022888184,0.0
910,910,SIGA,0.604679229763781,0.523908526175634,0.0
911,911,SIGI,0.259392680031847,0.451489754462875,0.0
912,912,SILC,0.358043770035597,0.289955095234751,0.0
913,913,SIMO,0.432021890010231,0.256862715178845,0.0
914,914,SIVB,0.693072106854838,0.197071085484854,0.0
915,915,SKYS,0.178557471786101,3.7800000508626304,0.0
916,916,SKYY,0.505002601623377,0.0529344258388508,0.0
917,917,SLAB,0.432976742051763,0.340423773574478,0.0
918,918,SLGN,0.130596580802086,0.728905975545184,0.0
919,919,SLM,0.353868873665526,0.956570221656012,0.0
920,920,SLMBP,0.480511401373759,0.209719648985105,0.0
921,921,SLP,0.549449870314859,0.443002422285914,0.0
922,922,SMBC,0.408679120719835,0.262581488800307,0.0
923,923,SMBK,0.396873671913842,0.138935767135932,0.0
924,924,SMCI,0.271535955592079,2.0327044307828,4.126600927156477e-09
925,925,SMCP,0.318998867210651,0.030274101229213,0.0
926,926,SMMT,0.905112699143663,1.21874993713573,7.303937726205844e-09
927,927,SMPL,0.374908953869545,0.270563515043954,0.0
928,928,SNDX,0.438648524930707,2.2356258323819,1.67471465812811e-08
929,929,SNFCA,0.340476682215452,0.327049176802877,0.010350840378412784
930,930,SNPS,0.222263901036538,1.52120309425758,0.0
931,931,SNSR,0.350162087342849,0.351112931143111,0.0
932,932,SOCL,0.683417982347426,0.0451556999304109,1.7260786307620378e-07
933,933,SOHU,0.497402522075773,0.412795885609899,0.0
934,934,SONO,0.688682802352966,0.176020419334481,0.0
935,935,SOXX,0.396113444355477,0.587666173983686,0.0
936,936,SPSC,0.35457608510443,1.44045921677339,0.0
937,937,SPTN,0.255071221454697,1.20766546780615,1.3366019062698816e-08
938,938,SPWH,0.528909044049867,0.168525484731284,3.841327833330819e-08
939,939,SPWR,0.78219410575086,2.3690645626711,0.0
940,940,SQLV,0.361458217520905,0.372717498520149,0.0
941,941,SRTS,0.629503664633073,1.47696482427905,0.0
942,942,SSBI,0.407948069417372,0.375216400971325,0.0
943,943,SSTI,0.492891925881863,0.483833715023315,0.0
944,944,STAA,0.717409068392657,0.998583699052583,0.0
945,945,STIM,0.894434359643209,0.300884986560471,0.0
946,946,STKL,0.6886350823774,2.26800003051758,0.0
947,947,STKS,0.715309260287223,1.06868131670194,0.0
948,948,STLD,0.350793174959629,2.5069765708845,0.0
949,949,STRL,0.349158146875568,1.55189332437352,0.0
950,950,STRM,0.367574239716371,0.60000003532127,0.0
951,951,STRT,0.672465916870215,0.114541361174422,0.0
952,952,STX,0.546424009316449,0.133255262046608,0.0
953,953,SUNW,0.935867924430983,0.809523800513281,0.0
954,954,SUPN,0.253685775420048,0.715181872992438,2.4371511620789664e-08
955,955,SWIR,0.409711672090194,2.24502608923336,0.0
956,956,SYBT,0.306275155967879,0.455693155706797,0.0
957,957,SYNA,0.694294391339939,0.873108595944523,0.0
958,958,SYPR,0.592187734955239,1.19999994390151,0.0
959,959,TA,0.43675150593076,1.6419037531707,0.0
960,960,TACO,0.566874707448731,0.582542681448598,0.0
961,961,TAIT,0.474485424965367,0.370629447579964,0.0
962,962,TANNI,0.243040926446434,0.0121378016769731,1.098007584323291e-07
963,963,TANNL,0.262853108740488,0.009163328236685,0.0
964,964,TAPR,0.279052994993511,5.75944771723224,0.0
965,965,TATT,0.342083008881946,0.151093383766208,0.0
966,966,TAYD,0.30558790915053,0.506012956031205,3.7719759815140915e-08
967,967,TBBK,0.542363798291413,1.59007628375115,0.0
968,968,TCBI,0.613972291493044,0.155878234275669,0.0
969,969,TCBK,0.35883122524295,0.23382957605372,0.0
970,970,TCFC,0.373134168826788,0.136901425643706,0.0
971,971,TDIV,0.296826238710353,0.188305722002172,0.0
972,972,TEAM,0.742285637620852,0.334048642852586,0.01184696386326173
973,973,TECH,0.493030314163561,0.444686335579905,0.0
974,974,TENB,0.380171232777887,0.665838516675085,0.0
975,975,TGLS,0.514605407502328,3.15030323375355,0.0
976,976,TGTX,0.913288304320829,0.370837084867317,0.0
977,977,THRM,0.449186276137612,0.661383963676588,0.0
978,978,TIPT,0.429572690563173,0.873907590509167,0.0
979,979,TITN,0.427005186107495,1.94701536394285,0.0
980,980,TMDI,0.848817460352579,0.784313810279581,0.0
981,981,TMUS,0.264957454551656,0.892875288508253,0.0
982,982,TOWN,0.372606504829852,0.0928981431331102,0.0
983,983,TQQQ,0.800348507404544,0.0330289745847673,0.0
984,984,TRIB,0.825071255508435,0.0485437601110891,0.0
985,985,TRMB,0.483681020852041,0.389992835456136,0.0
986,986,TRMD,0.343602533563961,1.35688086542535,0.0
987,987,TRNS,0.406645864131414,1.61490279419404,0.0
988,988,TRUP,0.656558106447863,0.550709362275051,0.0
989,989,TSBK,0.414032146681777,0.117449667436476,4.009085497534897e-06
990,990,TSCO,0.234580465069012,1.43345073702767,0.0
991,991,TSEM,0.335869782941354,0.718338874996824,0.0
992,992,TSLA,0.706360112463567,5.12084826468338,0.0
993,993,TSRI,0.528980082924153,1.2916667273751,0.0
994,994,TTD,0.617819479920679,0.923952722477509,0.0
995,995,TTEC,0.62725770793801,0.271317779913059,0.0
996,996,TTEK,0.314455966248255,0.795635644573282,0.0
997,997,TTGT,0.579640789011913,0.895522402222831,0.0
998,998,TTMI,0.332588408324237,0.0301441698065216,0.0
999,999,TUR,0.506665957294095,0.244036753243263,0.0
1000,1000,TUSA,0.322746662086232,0.215952372441366,0.0
1001,1001,TUSK,0.774612632260302,1.92825119011497,0.0
1002,1002,TWLV,0.0102564493815103,0.0422680263375356,0.0
1003,1003,TWLVU,0.0219258998571339,0.0069791276532565,0.0
1004,1004,TWNK,0.264552409606167,0.585332345364228,0.0
1005,1005,TXN,0.239400062327411,0.372337954100505,0.0
1006,1006,TXRH,0.361746810533061,0.773128555568636,0.0
1007,1007,UAE,0.302760209755946,0.0822832193613563,2.435336065908007e-05
1008,1008,UBCP,0.29780531925489,0.0041695249833836,0.0
1009,1009,UBSI,0.464755623436349,0.0334190022125243,0.0
1010,1010,UCBI,0.415040551858007,0.0496774488879788,0.0
1011,1011,UCTT,0.603393916701108,0.409129091644351,0.0
1012,1012,UFPI,0.275215914026201,0.948958396911621,0.0
1013,1013,UFPT,0.222961279072291,1.29989892016683,0.0
1014,1014,UGLD,0.072041904951964,0.43052009426281,0.0
1015,1015,UHAL,0.376721799279627,0.772952103738942,0.0
1016,1016,ULH,0.374666081616313,0.894514762838891,0.0
1017,1017,ULTA,0.35455245559124,1.02091855603573,0.0
1018,1018,UMBF,0.333604310200841,0.306912036654701,4.590454375682483e-07
1019,1019,UMPQ,0.400926919559374,0.0060807412616757,0.0003828859445557009
1020,1020,UNFI,0.301840059519693,3.70814459428495,0.0
1021,1021,UNTY,0.508087762576081,0.161984131496194,1.9499155777898703e-06
1022,1022,UONE,0.828435104558764,2.87292842568651,0.0
1023,1023,UONEK,0.635501859176506,1.60732989848299,0.0
1024,1024,USLB,0.266541087987002,0.161582956170097,0.0
1025,1025,USLM,0.317835559464718,0.686292031909889,0.0
1026,1026,USMC,0.227394265200634,0.208081477951827,0.0
1027,1027,UTHR,0.236334171693194,1.97872119946692,0.0
1028,1028,UVSP,0.459512410656455,0.0089186091593844,0.0
1029,1029,VALU,0.463707953574573,0.747549807969507,0.0
1030,1030,VBFC,0.366495199888836,0.495150685035608,0.0
1031,1031,VC,0.460272955336317,0.783685038405057,0.0
1032,1032,VCEL,0.664280059893958,0.5697142464774,0.0
1033,1033,VCTR,0.403882827382438,0.396795492401121,0.0
1034,1034,VECO,0.363288318127724,0.330207649323805,0.0
1035,1035,VERI,0.880934033816546,2.33992091099646,0.0
1036,1036,VERU,0.722643716076731,0.719403102345341,0.0
1037,1037,VETS,0.285427421549614,0.196406455772672,0.0
1038,1038,VICR,0.674413413284486,0.477234049046293,0.0
1039,1039,VIGI,0.331337102784499,0.0230217555537395,0.0
1040,1040,VIRC,0.548001982501686,0.139534855353118,0.0
1041,1041,VIRT,0.496598606784474,0.20461625943843,0.0
1042,1042,VIVO,0.427762004564052,2.47697027933188,0.0
1043,1043,VKTX,0.742411792034985,0.0618182095614346,0.0
1044,1044,VNOM,0.735854814887008,0.278180346415667,0.0
1045,1045,VONE,0.252395325713457,0.254388395737923,0.0
1046,1046,VONG,0.31166170996195,0.311227034537389,0.0
1047,1047,VONV,0.28331270153233,0.1645442895713,0.0
1048,1048,VOXX,0.722241711701968,1.37612613846213,4.347592245686083e-06
1049,1049,VRAY,0.651917705945173,0.0876778153535018,0.0
1050,1050,VRNA,0.566421585672232,2.95691207114513,0.0
1051,1051,VRNT,0.370559741166948,0.342733014463277,0.0
1052,1052,VRSK,0.230949859981262,0.217778635937024,0.0
1053,1053,VRSN,0.339327121037511,0.118721455825137,0.0
1054,1054,VRTS,0.504684085147705,0.748128930066158,0.0
1055,1055,VRTX,0.396287330969789,0.467035951892692,0.0
1056,1056,VSDA,0.206623932597853,0.279722213745117,0.0
1057,1057,VSEC,0.573526328798548,0.438302440646826,0.0
1058,1058,VSMV,0.222227371081065,0.174161392012884,0.0
1059,1059,VTHR,0.256286432052758,0.245671159273177,0.0
1060,1060,VTNR,0.753931986024779,3.66666697233152,0.0
1061,1061,VTWG,0.399737059361502,0.0933435331005015,0.0
1062,1062,VTWO,0.319386453682959,0.154104770563063,0.0
1063,1063,VTWV,0.371897699467978,0.184350590438782,4.291950084418304e-06
1064,1064,VUZI,0.877325275014716,1.54146349235775,1.2288496757602994e-06
1065,1065,VXRT,0.939449544826702,2.17647068104529,0.0
1066,1066,VXUS,0.336892912948106,0.0007121402319977,0.0
1067,1067,WDAY,0.559877971477209,0.0922937146836212,0.0
1068,1068,WEN,0.344723148229507,0.0040522357630717,0.0
1069,1069,WERN,0.232685147677177,0.288261173893073,0.0
1070,1070,WEYS,0.410272036563316,0.0291114755464932,0.0
1071,1071,WILC,0.495332959637381,0.260251101254437,0.0
1072,1072,WINA,0.367642688987864,0.420333799329709,0.0
1073,1073,WING,0.637044979150426,0.837759423071631,0.0
1074,1074,WIRE,0.324409759854309,1.7803993947207,0.0
1075,1075,WNEB,0.456394917427841,0.0124610471581545,0.0
1076,1076,WOOD,0.321016868310257,0.161385865829519,0.0
1077,1077,WRLD,0.731670163557244,0.0931932833443586,0.0
1078,1078,WSC,0.46308011568991,1.61239897992318,0.0
1079,1079,WSFS,0.438881841302145,0.094224228847958,0.0
1080,1080,WSTL,0.422514356964061,0.553072642812732,0.0
1081,1081,WTFC,0.542889751215073,0.288309876347931,0.0
1082,1082,WVVIP,0.399818790007379,0.0506121761825682,4.349193398541331e-07
1083,1083,XEL,0.178988221321814,0.0821400073748813,0.0
1084,1084,XENE,0.36554497013984,1.95912188037141,0.0
1085,1085,XT,0.323138668927633,0.229607282091507,0.0
1086,1086,YECO,0.928009477680463,11.6666660043929,0.0
1087,1087,YLCO,0.207631073189714,0.0499932992843404,0.0
1088,1088,YLDE,0.224299560242971,0.217404439016647,0.0
1089,1089,ZBRA,0.551989056762296,0.220630792440293,0.0
1090,1090,ZEUS,0.470817644016196,1.45096972567359,0.0
1091,1091,ZION,0.489356616924105,0.0152788240591117,0.0
1092,1092,ZLAB,0.880438786016757,0.0093413027460703,0.0
1093,1093,ZS,0.714249842523428,1.64902936828628,0.0
